"results of flag calculations for all metrics and samples. Not all BCG models utilize flag metrics, in which case this output is a placeholder.",
,
"Not all BCG models utilize flag metrics, in which case this output is a placeholder (see below)",
,x
1,No flags for the Index Name/Class combinations present in data
,
Metadata for outputs in which there are flag metrics,
SAMPLEID,unique sample identifier
INDEX_NAME,"Calculation type (MN_IBI_Bugs or MN_IBI_Fish or MN_BCG)	"
INDEX_CLASS,BCG or IBI class
METRIC_NAME,metric name (as it appears in the BioMonTools R package - https://github.com/leppott/BioMonTools)
CHECKNAME,flag metric/description (see the 'MetricFlags' Excel file in the extdata folder ...\R\R-4.2.1\library\BCGcalc\extdata).
METRIC_VALUE,raw metric value (without manipulation)
SYMBOL,symbol for the flag metric threshold (examples: > or <)
VALUE,value of the flag metric threshold
FLAG,flag = flagged; NA = not flagged
