"IBI rules (thresholds, scoring regime)",,,,,,,,,,,,,
"For more information see the 'MetricScoring' Excel file in the R library\BioMonTools\extdata folder and/or contact Erik Leppo, Tetra Tech (Erik.Leppo@tetratech.com)",,,,,,,,,,,,,
,,,,,,,,,,,,,
INDEX_NAME,"Calculation type (MN_IBI_Bugs or MN_IBI_Fish or MN_BCG)	",,,,,,,,,,,,
INDEX_CLASS,BCG or IBI class,,,,,,,,,,,,
METRIC_NAME,metric name,,,,,,,,,,,,
Direction,direction of metric response to increasing stress. Increase = metric that increases as stress increases; Decrease = metric that decreases as stress increases,,,,,,,,,,,,
Thresh_Lo,"Calculation threshold, low (required)",,,,,,,,,,,,
Thresh_Mid,"Calculation threshold, middle",,,,,,,,,,,,
Thresh_Hi,"Calculation threshold, high (required)",,,,,,,,,,,,
ScoreRegime,"Scoring regime (e.g., Cont0100 is Continuous 0 to 100 scale) (required)",,,,,,,,,,,,
Name_Other,Name (client) reference for metric,,,,,,,,,,,,
Scoring_Formula,Example scoring formula,,,,,,,,,,,,
Community,"Organisms that the index applies to (e.g., Fish, Bugs, Coral, or Algae) (required)",,,,,,,,,,,,
Comment,Notes,,,,,,,,,,,,
Modify_Value,disregard [internal use only],,,,,,,,,,,,
Modify_Code,disregard [internal use only],,,,,,,,,,,,
SingleValue_Add,Add a value based on a single metric,,,,,,,,,,,,
NormDist_Tail_Lo,"Normal Distribution Tail, low",,,,,,,,,,,,
NormDist_Tail_Hi,"Normal Distribution Tail, high",,,,,,,,,,,,
CatGrad_xvar,"Categorical Gradient, metric",,,,,,,,,,,,
CatGrad_InfPt,"Categorical Gradient, inflection point",,,,,,,,,,,,
CatGrad_Lo_m,"Categorical Gradient, low,slope",,,,,,,,,,,,
CatGrad_Lo_b,"Categorical Gradient, low, y-intercept",,,,,,,,,,,,
CatGrad_Mid_m,"Categorical Gradient, middle, slope",,,,,,,,,,,,
CatGrad_Mid_b,"Categorical Gradient, middle, y-intercept",,,,,,,,,,,,
CatGrad_Hi_m,"Categorical Gradient, high, slope",,,,,,,,,,,,
CatGrad_Hi_b,"Categorical Gradient, high, y-intercept",,,,,,,,,,,,
SelMet_Master_Name,disregard [internal use only],,,,,,,,,,,,
SelMet_Master_Score,disregard [internal use only],,,,,,,,,,,,
SelMet_Master_Condition,disregard [internal use only],,,,,,,,,,,,
ScMet_Master_Name,disregard [internal use only],,,,,,,,,,,,
ScMet_Master_Value,disregard [internal use only],,,,,,,,,,,,
ScMet_Master_Condition,disregard [internal use only],,,,,,,,,,,,
ScMet_Score,disregard [internal use only],,,,,,,,,,,,
Adjust_Variable,"Adjust metric value, other variable",,,,,,,,,,,,
Adjust_Formula_Lo,"Adjust metric value, formula, low",,,,,,,,,,,,
Adjust_Formula_Mid,"Adjust metric value, formula, middle",,,,,,,,,,,,
Adjust_Formula_Hi,"Adjust metric value, formula, high",,,,,,,,,,,,
Adjust_MaxVal_Lo,"Adjust metric value, maximum value, low",,,,,,,,,,,,
Adjust_MaxVal_Mid,"Adjust metric value, maximum value, middle",,,,,,,,,,,,
Adjust_MaxVal_Hi,"Adjust metric value, maximum value, high",,,,,,,,,,,,
ScoreZero_Metric,"Post calculation adjust score to zero, based on this metric name",,,,,,,,,,,,
ScoreZero_Thresh,"Post calculation adjust score to zero, threshold value for metric",,,,,,,,,,,,
ScoreZero_Direction,"Post calculation adjust score to zero, direction for metric",,,,,,,,,,,,
