Import this file into the Shiny app and run the desired calculation. The taxa names have been translated to the proper OTU and attributes and hierarchy have been added in. ,,,
,,,
"SampleID	unique sample identifier	",,,
"TaxaID	translated taxon name (changed to the appropriate Operational Taxonomic Unit (OTU) for the selected calculation)	",,,
"N_Taxa	number of individuals	",,,
"file_taxatrans	file name of the Taxa Translator table. Versions are denoted with dates at the end of the file name (e.g. MPCA_Bugs_TaxaTranslator_20240712)	",,,
"file_attributes	file name of the Taxa Attribute table. Versions are denoted with dates at the end of the file name (e.g. MPCA_Bugs_Attributes_20240705.csv)	",,,
"Match_Official	TRUE/FALSE. TRUE = taxa name occurs in the Taxa Translator table	",,,
"Index_Class	""tells R which set of metrics and rules to apply to a given sample (e.g.", for the MN Shiny app, if Index Class = 5 for a given sample," the Northern Streams index is applied to that sample)""	"
"Index_Name	""tells R which Calculation to perform (e.g.", MN_IBI_Bugs," MN_IBI_Fish or MN_BCG)""	",
"NonTarget	Non-target taxa should be marked �TRUE�. The R code excludes non-target taxa from all metric calculations	",,,
"		",,,
"the rest of the columns vary depending on the index, but include the Attributes (e.g., BCG_Attr, FFG, TolVal) and taxonomic hierarchy (e.g., Order, Family) used for metric calculations.		",,,
