This file shows which taxa names were modified during the Taxa Translation process (filter for Modified_woCAPS = TRUE),
,
original TaxonID,original taxon name
original TaxonID_CAPS,original taxon name converted to ALL CAPS
OTU_XXX,taxon name translated to the appropriate OTU for the selected calculation
Match_Official,TRUE/FALSE. TRUE = original TaxonID occurs in the Taxa Translator table
Modified_woCAPS,TRUE/FALSE. TRUE =something other than the capitalization scheme changed during the �translation� process
Modified_wCAPS,TRUE/FALSE. TRUE = capitalization scheme changed
