This file has metrics used in the IBI for the selected assemblage; the calculations are done with the BioMonTools R package (https://github.com/leppott/BioMonTools),
Some metrics have been modified (transformed and/or adjusted for drainage area or gradient).,
Coding for the modifications: https://github.com/leppott/MNcalc/blob/main/inst/apps/MNcalc/server.R#L2601. Each metric is grouped by the transformation (modification) that is performed.,
If you want to see the original values go to the metrics with _ORIG at the end of the column name,
,
SAMPLEID,unique sample identifier
"INDEX_NAME			","Calculation type (MN_IBI_Bugs or MN_IBI_Fish or MN_BCG)	"
"INDEX_CLASS			",BCG or IBI class
,
MN BUG IBI,
nt_ffg_pred,number taxa - Functional Feeding Group (FFG) - predator (PR)
nt_ffg_pred_NoChi,"number taxa, excluding Chironomidae - Functional Feeding Group (FFG) - predator (PR)"
nt_habit_climb,number taxa - Habit - climbers (CB)
nt_habit_cling,number taxa - Habit - clingers (CN)
nt_Odon,[modified] number taxa - Order Odonanta
nt_Pleco,[modified] number taxa - Order Plecoptera
nt_POET,"number taxa - Orders Plecoptera, Odonanta, Ephemeroptera, and Trichoptera (POET)"
nt_total,number taxa - total
nt_Trich,number taxa - Order Trichoptera
nt_tv_intol2,[modified] number taxa - tolerance value - intolerant ? 2
nt_tv_intol4,number taxa - tolerance value - intolerant ? 4
pi_Chi2Dipt,[modified] percent (0-100) - [Chironomid individs]/[Dipteran individs]
pi_dom05,percent (0-100) individuals - five most dominant taxa
pi_ffg_filt,percent (0-100) individuals - Functional Feeding Group (FFG) - collector-filterer (CF or FC)
pi_TrichNoHydro,[modified] percent (0-100) individuals - Order Trichoptera and not Family Hydropsychidae
pi_tv_toler8,[modified] percent (0-100) individuals - tolerance value - tolerant ? 8
pt_ffg_col,percent (0-100) taxa - Functional Feeding Group (FFG) - collector-gatherer (CG or GC)
pt_habit_cling,percent (0-100) taxa - Habit - clingers (CN)
pt_Insect,[modified] percent (0-100) taxa - Class Insecta. For original value see pt_Insect
pt_longlived,percent (0-100) taxa - long-lived (macroinvertebrates with a life cycle of more than 1 year)
pt_NonIns,percent (0-100) taxa - not Class Insecta
pt_Odon,percent (0-100) taxa - Order Odonata
pt_Trich,percent (0-100) taxa - Order Trichoptera
pt_tv_toler6,percent (0-100) taxa - tolerance value - tolerant ? 6
pt_tv_toler8,percent (0-100) taxa - tolerance value - tolerant ? 8
x_HBI,"[modified] Hilsenhoff Biotic Index, weighted average (using N_TAXA) of TolVal (MNToleranceStm)"
x_HBI2,"[modified] Hilsenhoff Biotic Index 2, weighted average (using N_TAXA) of TolVal2 (ColdwaterTV)"
,
MN FISH IBI,
ni_m_notoler,Number of individuals per meter of stream sampled excluding tolerant individuals. Catch Per Unit Effort (CPUE)
nt_coldwater,number taxa - coldwater (HABITAT = CW or CWN)
nt_dartersculpin,number taxa - darter or sculpin (TYPE = DS)
nt_gen,number taxa - generalist (TROPHIC = GE)
nt_hw_notoler,number taxa - headwater specialists excluding tolerant taxa (HABITAT = HW-T)
nt_shortlived,number taxa - short lived (TYPE = SL)
nt_simplelithophil,[modified] number taxa - simple lithophils (REPRODUCTION = SILI)
nt_tv_sens,number taxa - sensitive (TOLER = S)
nt_tv_tolercoldwater,[modified] number taxa - species considered tolerant in coldwater streams (TOLER = TCW)
nt_tv_vtoler,number taxa - very tolerant species (TOLER = VT)
nt_wetland_notoler,number taxa - taxa that utilize wetland habitats excluding tolerant taxa (HABITAT = WE-T)
pi_detritivore_ExclSchool,percent (0-100) individuals - detritivores excluding schooling taxa (TROPHIC = DE exclude TYPE = SCH)
pi_dom02_ExclSchool,percent (0-100) individuals - two most dominant taxa excluding schooling taxa (exclude TYPE = SCH)
pi_exotic_ExclSchool,percent (0-100) individuals - exotic taxa excluding schooling taxa (TYPE = EX exclude TYPE = SCH)
pi_gen_ExclSchool,percent (0-100) individuals - generalist excluding schooling taxa (TROPHIC = GE exclude TYPE = SCH)
pi_herbivore_ExclSchool,percent (0-100) individuals - herbivore excluding schooling taxa (TROPHIC = HE exclude TYPE = SCH)
pi_hw_notoler_ExclSchool,percent (0-100) individuals - headwater specialists excluding tolerant and schooling taxa (HABITAT = HW-T exclude TYPE = SCH)
pi_insctCypr_ExclSchool,percent (0-100) individuals - insectivorous Cyprinid individuals excluding schooling taxa (TROPHIC = INCYP exclude TYPE = SCH)
pi_insectivore_notoler_ExclSchool,percent (0-100) individuals - insectivorous excluding tolerant and schooling taxa (TROPHIC = IN-T exclude TYPE = SCH)
pi_ma2_ExclShool,percent (0-100) individuals with a female mature age <=2 excluding schooling taxa (REPRODUCTION = MA<2 exclude TYPE = SCH)
pi_ma3_notoler_ExclSchool,percent (0-100) individuals with a female mature age >=3 excluding tolerant and schooling taxa (REPRODUCTION = MA>3-T exclude TYPE = SCH)
pi_minnow_notoler_ExclSchool,percent (0-100) individuals - Cyprinid individuals excluding tolerant and schooling taxa (TYPE = MIN-T exclude TYPE = SCH)
pi_natcoldwater_ExclSchool,[modified] percent (0-100) individuals - native coldwater taxa excluding schooling taxa (HABITAT = CWN exclude TYPE = SCH)
pi_nonlithophil_ExclSchool,"[modified] percent (0-100) individuals - non-lithophilic, nest-guarding taxa excluding schooling taxa (REPRODUCTION = NE exclude TYPE = SCH)"
pi_Perciformes_ExclSchool,[modified] percent (0-100) individuals - Perciformid excluding schooling taxa (TYPE = PERC exclude TYPE = SCH)
pi_pioneer_ExclShool,percent (0-100) individuals - pioneers excluding schooling taxa (TYPE = PI exclude TYPE = SCH)
pi_piscivore_ExclSchool,percent (0-100) individuals - piscivores excluding schooling taxa (TROPHIC = PI exclude TYPE = SCH)
pi_serialspawner_ExclSchool,percent (0-100) individuals - serial spawning excluding schooling taxa (REPRODUCTION = SER exclude TYPE = SCH)
pi_shortlived_ExclSchool,percent (0-100) individuals - short lived excluding schooling taxa (TYPE = SL exclude TYPE = SCH)
pi_simplelithophil_ExclSchool,percent (0-100) individuals - simple lithophils excluding schooling taxa (REPRODUCTION = SILI exclude TYPE = SCH)
pi_tv_intol_ExclSchool,percent (0-100) individuals - intolerant excluding schooling taxa (TOLER = I exclude TYPE = SCH)
pi_tv_intolcoldwater_ExclSchool,percent (0-100) individuals - taxa considered intolerant in coldwater streams excluding schooling taxa (TOLER = ICW exclude TYPE = SCH)
pi_tv_sens_ExclSchool,[modified] percent (0-100) individuals - sensitive taxa excluding schooling taxa (TOLER = S exclude TYPE = SCH)
pi_tv_senscoldwater_ExclSchool,[modified] percent (0-100) individuals - taxa considered sensitive in coldwater streams excluding schooling taxa (TOLER = SCW exclude TYPE = SCH)
pi_tv_toler_ExclSchool,percent (0-100) individuals - tolerant taxa excluding schooling taxa (TOLER = T exclude TYPE = SCH)
pi_tv_tolercoldwater_ExclSchool,[modified] percent (0-100) individuals - taxa considered tolerant in coldwater streams excluding schooling taxa (TOLER = TCW exclude TYPE = SCH)
pt_beninsct_notoler,percent (0-100) taxa - benthic insectivore taxa excluding tolerant taxa (TROPHIC = BI-T)
pt_darterscultpinsucker,"percent (0-100) taxa - darter, sculpin, and round-bodied sucker taxa (TYPE = DSS)"
pt_detritivore,[modified] percent (0-100) taxa - detritivores (TROPHIC = DE)
pt_gen,percent (0-100) taxa - generalist (TROPHIC = GE)
pt_insectivore_notoler,percent (0-100) taxa - insectivorous excluding tolerant (TROPHIC = IN-T)
pt_natcoldwater,[modified] percent (0-100) taxa - native coldwater taxa (HABITAT = CWN)
pt_omnivore,percent (0-100) taxa - omnivores (TROPHIC = OM)
pt_pioneer,percent (0-100) taxa - pioneers (TYPE = PI)
pt_serialspawner,percent (0-100) taxa - serial spawning (REPRODUCTION = SER)
pt_simplelithophil,percent (0-100) taxa - simple lithophils (REPRODUCTION = SILI)
pt_tv_sens,[modified] percent (0-100) taxa - sensitive taxa (TOLER = S)
pt_tv_senscoldwater,[modified] percent (0-100) taxa - taxa considered sensitive in coldwater streams (TOLER = SCW)
pt_tv_toler,percent (0-100) taxa - tolerant taxa (TOLER = T)
pt_tv_vtoler,percent (0-100) taxa - very tolerant taxa (TOLER = VT)
,
Schooling taxa = Emerald Shiner and American Gizzard Shad,
